<?xml version="1.0" encoding="UTF-8"?>
<beans xmlns="http://www.springframework.org/schema/beans"
       xmlns:xsi="http://www.w3.org/2001/XMLSchema-instance"
       xmlns:aop="http://www.springframework.org/schema/aop"
       xsi:schemaLocation="http://www.springframework.org/schema/beans
       http://www.springframework.org/schema/beans/spring-beans.xsd
       http://www.springframework.org/schema/aop
       http://www.springframework.org/schema/aop/spring-aop.xsd">

    <!--DataSource:使用spring的数据源替换mybatis的配置 c3p0 dbcp druid
        我们这里使用spring提供的jdbc
    -->
    <bean id="dataSource" class="org.springframework.jdbc.datasource.DriverManagerDataSource">
        <property name="driverClassName" value="com.mysql.jdbc.Driver"/>
        <property name="url" value="jdbc:mysql://localhost:3306/mybatis?useSSL=true&amp;useUnicode=true&amp;characterEncoding=UTF-8"/>
        <property name="username" value="root"/>
        <property name="password" value="admin"/>

    </bean>
    <!--sqlSessionFactory-->
    <bean id="sqlSessionFactory" class="org.mybatis.spring.SqlSessionFactoryBean">
        <property name="dataSource" ref="dataSource" />
        <!--绑定mybatis配置文件-->
        <property name="configLocation" value="classpath:mybatis-config.xml"/>
        <property name="mapperLocations" value="classpath:nuc/ss/mapper/*.xml"/>
    </bean>

    <!--userMapper需要，userMapper2不需要-->
    <!--<bean id="sqlSession" class="org.mybatis.spring.SqlSessionTemplate">-->
    <!--    &lt;!&ndash;只能用构造器注入sqlSessionFactory，因为他没有set方法&ndash;&gt;-->
    <!--    <constructor-arg index="0" ref="sqlSessionFactory"/>-->
    <!--</bean>-->
</beans>