<?xml version="1.0" encoding="UTF-8" ?>
<!DOCTYPE configuration
        PUBLIC "-//mybatis.org//DTD Config 3.0//EN"
        "http://mybatis.org/dtd/mybatis-3-config.dtd">
<!--configuration核心配置文件-->
<configuration>

    <!-- 引入外部配置文件 -->
    <properties resource="db.properties"/>
    
    <settings>
        <!-- 标准的日志工厂实现 -->
        <!--<setting name="logImpl" value="STDOUT_LOGGING"/>-->
        <setting name="logImpl" value="LOG4J"/>
    </settings>

    <!-- 可以给实体类起别名 -->
    <typeAliases>
        <package name="nuc.ss.pojo"/>
    </typeAliases>

    <!-- 环境选择 -->
    <environments default="development">
        <environment id="development">
            <transactionManager type="JDBC"/>
            <dataSource type="POOLED">
                <property name="driver" value="${driver}"/>
                <property name="url" value="${url}"/>
                <property name="username" value="${username}"/>
                <property name="password" value="${password}"/>
            </dataSource>
        </environment>
    </environments>
    <!--  每一个Mapper.XML都需要在Mybatis核心配置文件中注册  -->
    <mappers>
        <mapper resource="nuc/ss/dao/UserMapper.xml"/>
    </mappers>
</configuration>