<?xml version="1.0" encoding="UTF-8"?>
<beans xmlns="http://www.springframework.org/schema/beans"
       xmlns:xsi="http://www.w3.org/2001/XMLSchema-instance"
       xmlns:tx="http://www.springframework.org/schema/tx"
       xmlns:aop="http://www.springframework.org/schema/aop"
       xsi:schemaLocation="http://www.springframework.org/schema/beans
       http://www.springframework.org/schema/beans/spring-beans.xsd
       http://www.springframework.org/schema/aop
       http://www.springframework.org/schema/aop/spring-aop.xsd
       http://www.springframework.org/schema/tx
       http://www.springframework.org/schema/tx/spring-tx.xsd">

    <!--DataSource:使用spring的数据源替换mybatis的配置 c3p0 dbcp druid
        我们这里使用spring提供的jdbc
    -->
    <bean id="dataSource" class="org.springframework.jdbc.datasource.DriverManagerDataSource">
        <property name="driverClassName" value="com.mysql.jdbc.Driver"/>
        <property name="url" value="jdbc:mysql://localhost:3306/mybatis?useSSL=true&amp;useUnicode=true&amp;characterEncoding=UTF-8"/>
        <property name="username" value="root"/>
        <property name="password" value="admin"/>

    </bean>
    <!--sqlSessionFactory-->
    <bean id="sqlSessionFactory" class="org.mybatis.spring.SqlSessionFactoryBean">
        <property name="dataSource" ref="dataSource" />
        <!--绑定mybatis配置文件-->
        <property name="configLocation" value="classpath:mybatis-config.xml"/>
        <property name="mapperLocations" value="classpath:nuc/ss/mapper/*.xml"/>
    </bean>

    <!--配置声明式事务-->
    <bean id="transactionManager" class="org.springframework.jdbc.datasource.DataSourceTransactionManager">
        <!--<constructor-arg ref="dataSource"/>-->
        <property name="dataSource" ref="dataSource" />
    </bean>

    <!--结合AOP实现事务的引织入-->
    <!--配置事务通知：-->
    <tx:advice id="txAdvice" transaction-manager="transactionManager">
        <!--给哪些方法配置事务-->
        <!--配置事务的传播特性-->
        <tx:attributes>
            <tx:method name="add" propagation="REQUIRED"/>
            <tx:method name="delete" propagation="REQUIRED"/>
            <tx:method name="update" propagation="REQUIRED"/>
            <tx:method name="query" read-only="true"/>
            <tx:method name="*" propagation="REQUIRED"/>
        </tx:attributes>
    </tx:advice>

    <!--配置事务织入-->
    <aop:config>
        <aop:pointcut id="txPointCut" expression="execution(* nuc.ss.mapper.*.*(..))"/>
        <aop:advisor advice-ref="txAdvice" pointcut-ref="txPointCut"/>
    </aop:config>

</beans>